1,Allspice,Herbs and Spices,none
2,Anise,Herbs and Spices,none
3,Annatto,Herbs and Spices,none
4,Basil,Herbs and Spices,none
5,Bay leaves,Herbs and Spices,none
6,Black pepper,Herbs and Spices,none
7,Cardamom,Herbs and Spices,none
8,Caraway seeds,Herbs and Spices,none
9,Cayenne pepper,Herbs and Spices,none
10,Celery seeds,Herbs and Spices,none
11,Chervil,Herbs and Spices,none
12,Chives,Herbs and Spices,none
13,Cilantro (coriander),Herbs and Spices,none
14,Cinnamon,Herbs and Spices,none
15,Cloves,Herbs and Spices,none
16,Coriander seeds,Herbs and Spices,none
17,Cumin,Herbs and Spices,none
18,Curry leaves,Herbs and Spices,none
19,Dill,Herbs and Spices,none
20,Fennel seeds,Herbs and Spices,none
21,Fenugreek,Herbs and Spices,none
22,Garlic,Herbs and Spices,none
23,Ginger,Herbs and Spices,none
24,Juniper berries,Herbs and Spices,none
25,Lavender,Herbs and Spices,none
26,Lemon balm,Herbs and Spices,none
27,Lemongrass,Herbs and Spices,none
28,Lovage,Herbs and Spices,none
29,Mace,Herbs and Spices,none
30,Marjoram,Herbs and Spices,none
31,Mint,Herbs and Spices,none
32,Mustard seeds,Herbs and Spices,none
33,Nutmeg,Herbs and Spices,none
34,Oregano,Herbs and Spices,none
35,Paprika,Herbs and Spices,none
36,Parsley,Herbs and Spices,none
37,Peppermint,Herbs and Spices,none
38,Poppy seeds,Herbs and Spices,none
39,Rosemary,Herbs and Spices,none
40,Saffron,Herbs and Spices,none
41,Sage,Herbs and Spices,none
42,Savory,Herbs and Spices,none
43,Sesame seeds,Herbs and Spices,none
44,Spearmint,Herbs and Spices,none
45,Star anise,Herbs and Spices,none
46,Tarragon,Herbs and Spices,none
47,Thyme,Herbs and Spices,none
48,Turmeric,Herbs and Spices,none
49,Vanilla,Herbs and Spices,none
50,White pepper,Herbs and Spices,none
51,Ajwain,Herbs and Spices,none
52,Amchur (dried mango powder),Herbs and Spices,none
53,Asafoetida (hing),Herbs and Spices,none
54,Epazote,Herbs and Spices,none
55,Galangal,Herbs and Spices,none
56,Garam masala,Herbs and Spices,none
57,Harissa,Herbs and Spices,none
58,Herbes de Provence,Herbs and Spices,none
59,Jamaican jerk seasoning,Herbs and Spices,none
60,Kaffir lime leaves,Herbs and Spices,none
61,Mahlab,Herbs and Spices,none
62,Nigella seeds,Herbs and Spices,none
63,Panch phoron,Herbs and Spices,none
64,Ras el hanout,Herbs and Spices,none
65,Sichuan peppercorns,Herbs and Spices,none
66,Sumac,Herbs and Spices,none
67,Tamarind,Herbs and Spices,none
68,Za'atar,Herbs and Spices,none
69,Shiso leaves,Herbs and Spices,none
70,Shichimi togarashi,Herbs and Spices,none
71,Lovage,Herbs and Spices,none
72,Cubeb pepper,Herbs and Spices,none
73,Grains of paradise,Herbs and Spices,none
74,Long pepper,Herbs and Spices,none
75,Ajowan seeds,Herbs and Spices,none
76,Beef,Meat Products,none
77,Pork,Meat Products,none
78,Chicken,Meat Products,none
79,Lamb,Meat Products,none
80,Turkey,Meat Products,none
81,Veal,Meat Products,none
82,Duck,Meat Products,none
83,Venison,Meat Products,none
84,Rabbit,Meat Products,none
85,Quail,Meat Products,none
86,Bison,Meat Products,none
87,Goat,Meat Products,none
88,Kangaroo,Meat Products,none
89,Pheasant,Meat Products,none
90,Goose,Meat Products,none
91,Corned beef,Meat Products,none
92,Ground beef,Meat Products,none
93,Beef Chuck roast,Meat Products,none
94,Beef Chuck steak,Meat Products,none
95,Beef Ribeye steak,Meat Products,none
96,Beef Tenderloin (Filet mignon),Meat Products,none
97,Beef T-Bone steak,Meat Products,none
98,Beef Porterhouse steak,Meat Products,none
99,Beef Striploin (New York strip) steak,Meat Products,none
100,Beef Sirloin steak,Meat Products,none
101,Beef Top round steak,Meat Products,none
102,Beef Bottom round roast,Meat Products,none
103,Beef Rump roast,Meat Products,none
104,Beef Eye of round roast,Meat Products,none
105,Beef Brisket,Meat Products,none
106,Beef Short ribs,Meat Products,none
107,Beef Flank steak,Meat Products,none
108,Beef Skirt steak,Meat Products,none
109,Beef Flat iron steak,Meat Products,none
110,Beef Tri-tip roast,Meat Products,none
111,Beef Sirloin tip roast,Meat Products,none
112,Beef Sirloin tip steak,Meat Products,none
113,Beef Top sirloin steak,Meat Products,none
114,Beef London broil,Meat Products,none
115,Beef Hanger steak,Meat Products,none
116,Beef Blade roast,Meat Products,none
117,Beef Blade steak,Meat Products,none
118,Beef Beef shank,Meat Products,none
119,Beef Filet tail,Meat Products,none
120,Beef Rib roast (Prime rib),Meat Products,none
121,Beef Ribeye roast,Meat Products,none
122,Beef Standing rib roast,Meat Products,none
123,Beef tenderloin roast,Meat Products,none
124,Beef Short loin (Bone-in strip) steak,Meat Products,none
125,Beef Chuck eye steak,Meat Products,none
126,Beef Chuck short ribs,Meat Products,none
127,Beef Chuck shoulder roast,Meat Products,none
128,Beef Chuck mock tender steak,Meat Products,none
129,Beef Chuck flat iron steak,Meat Products,none
130,Beef Chuck center steak,Meat Products,none
131,Beef Chuck eye roll roast,Meat Products,none
132,Beef Chuck tender roast,Meat Products,none
133,Beef Chuck blade roast,Meat Products,none
134,Beef Chuck seven-bone roast,Meat Products,none
135,Beef Chuck arm pot roast,Meat Products,none
136,Beef Chuck arm steak,Meat Products,none
137,Beef Chuck cross-rib roast,Meat Products,none
138,Beef Braciole (Rolled flank steak),Meat Products,none
139,Beef Bavette steak,Meat Products,none
140,Beef Shoulder petite tender,Meat Products,none
141,Beef Shoulder center (Ranch) steak,Meat Products,none
142,Beef Shoulder top blade steak,Meat Products,none
143,Beef jerky,Meat Products,none
144,Beef tongue,Meat Products,none
145,Beef liver,Meat Products,none
146,Pork tenderloin,Meat Products,none
147,Pork chops,Meat Products,none
148,Pork ribs,Meat Products,none
149,Pulled pork,Meat Products,none
150,Bacon,Meat Products,none
151,Ham,Meat Products,none
152,Sausage,Meat Products,none
153,Salami,Meat Products,none
154,Prosciutto,Meat Products,none
155,Pepperoni,Meat Products,none
156,Chicken breast,Meat Products,none
157,Chicken thighs,Meat Products,none
158,Chicken wings,Meat Products,none
159,Ground chicken,Meat Products,none
160,Chicken sausage,Meat Products,none
161,Chicken liver,Meat Products,none
162,Lamb chops,Meat Products,none
163,Lamb shanks,Meat Products,none
164,Ground lamb,Meat Products,none
165,Lamb sausage,Meat Products,none
166,Turkey breast,Meat Products,none
167,Turkey legs,Meat Products,none
168,Ground turkey,Meat Products,none
169,Duck breast,Meat Products,none
170,Duck confit,Meat Products,none
171,Venison steak,Meat Products,none
172,Venison stew meat,Meat Products,none
173,Rabbit meat,Meat Products,none
174,Quail eggs,Meat Products,none
175,Bison burgers,Meat Products,none
176,Bison steak,Meat Products,none
177,Goat meat,Meat Products,none
178,Kangaroo fillets,Meat Products,none
179,Pheasant breast,Meat Products,none
180,Goose liver (foie gras),Meat Products,none
181,Cornish game hen,Meat Products,none
182,Ostrich steak,Meat Products,none
183,Wild boar ribs,Meat Products,none
184,Elk roast,Meat Products,none
185,Alligator meat,Meat Products,none
186,Emu eggs,Meat Products,none
187,Snake meat,Meat Products,none
188,Camel meat,Meat Products,none
189,Horse meat,Meat Products,none
190,Gelatin (derived from animal bones),Meat Products,none
191,Bone broth,Meat Products,none
192,Chicken stock,Meat Products,none
193,Beef stock,Meat Products,none
194,Lard,Meat Products,none
195,Tallow,Meat Products,none
196,Duck fat,Meat Products,none
197,Bacon grease,Meat Products,none
198,Beef suet,Meat Products,none
199,Chicken fat (schmaltz),Meat Products,none
200,Pork fat (lardons),Meat Products,none
201,Pork rinds,Meat Products,none
202,Chorizo,Meat Products,none
203,Black pudding,Meat Products,none
204,Andouille sausage,Meat Products,none
205,Bratwurst,Meat Products,none
206,Italian sausage,Meat Products,none
207,Polish sausage,Meat Products,none
208,Breakfast sausage,Meat Products,none
209,Corned beef hash,Meat Products,none
210,Country ham,Meat Products,none
211,Canadian bacon,Meat Products,none
212,Beef ribs,Meat Products,none
213,Beef brisket,Meat Products,none
214,Beef stew meat,Meat Products,none
215,Ground pork,Meat Products,none
216,Pork shoulder (pulled pork),Meat Products,none
217,Shrimp,Seafood,none
218,Salmon,Seafood,none
219,Tuna,Seafood,none
220,Crab,Seafood,none
221,Lobster,Seafood,none
222,Mussels,Seafood,none
223,Clams,Seafood,none
224,Oysters,Seafood,none
225,Scallops,Seafood,none
226,Squid,Seafood,none
227,Octopus,Seafood,none
228,Anchovies,Seafood,none
229,Sardines,Seafood,none
230,Cod,Seafood,none
231,Haddock,Seafood,none
232,Halibut,Seafood,none
233,Trout,Seafood,none
234,Mahi Mahi,Seafood,none
235,Swordfish,Seafood,none
236,Snapper,Seafood,none
237,Tilapia,Seafood,none
238,Catfish,Seafood,none
239,Carp,Seafood,none
240,Eel,Seafood,none
241,Herring,Seafood,none
242,Pike,Seafood,none
243,Flounder,Seafood,none
244,Grouper,Seafood,none
245,Red snapper,Seafood,none
246,Rockfish,Seafood,none
247,Sole,Seafood,none
248,Arctic char,Seafood,none
249,Smoked salmon,Seafood,none
250,Caviar,Seafood,none
251,Fish sauce,Seafood,none
252,Fish stock,Seafood,none
253,Surimi (imitation crab meat),Seafood,none
254,Fish fillets,Seafood,none
255,Fish roe,Seafood,none
256,Fish oil (supplement),Seafood,none
257,Shrimp paste,Seafood,none
258,Fish balls,Seafood,none
259,Fish sticks,Seafood,none
260,Fish cakes,Seafood,none
261,Fish jerky,Seafood,none
262,Fish sausages,Seafood,none
263,Fish burgers,Seafood,none
264,Fish and chips,Seafood,none
265,Seafood paella,Seafood,none
266,Bouillabaisse (fish stew),Seafood,none
267,Rice (any),Cereal Grains and Pasta,none
268,White rice,Cereal Grains and Pasta,none
269,Brown rice,Cereal Grains and Pasta,none
270,Jasmine rice,Cereal Grains and Pasta,none
271,Basmati rice,Cereal Grains and Pasta,none
272,Wild rice,Cereal Grains and Pasta,none
273,Wheat,Cereal Grains and Pasta,none
274,Corn,Cereal Grains and Pasta,none
275,Barley,Cereal Grains and Pasta,none
276,Oats,Cereal Grains and Pasta,none
277,Rye,Cereal Grains and Pasta,none
278,Quinoa,Cereal Grains and Pasta,none
279,Buckwheat,Cereal Grains and Pasta,none
280,Millet,Cereal Grains and Pasta,none
281,Sorghum,Cereal Grains and Pasta,none
282,Amaranth,Cereal Grains and Pasta,none
283,Teff,Cereal Grains and Pasta,none
284,Farro,Cereal Grains and Pasta,none
285,Spelt,Cereal Grains and Pasta,none
286,Kamut,Cereal Grains and Pasta,none
287,Emmer,Cereal Grains and Pasta,none
288,Triticale,Cereal Grains and Pasta,none
289,Fonio,Cereal Grains and Pasta,none
290,Freekeh,Cereal Grains and Pasta,none
291,Bulgur,Cereal Grains and Pasta,none
292,Job's tears,Cereal Grains and Pasta,none
293,Wild rice,Cereal Grains and Pasta,none
294,Canary seed,Cereal Grains and Pasta,none
295,Chia seeds,Cereal Grains and Pasta,none
296,Hemp seeds,Cereal Grains and Pasta,none
297,Spaghetti,Cereal Grains and Pasta,none
298,Penne,Cereal Grains and Pasta,none
299,Macaroni,Cereal Grains and Pasta,none
300,Fusilli,Cereal Grains and Pasta,none
301,Linguine,Cereal Grains and Pasta,none
302,Rigatoni,Cereal Grains and Pasta,none
303,Farfalle (bowtie),Cereal Grains and Pasta,none
304,Orzo,Cereal Grains and Pasta,none
305,Lasagna,Cereal Grains and Pasta,none
306,Vermicelli,Cereal Grains and Pasta,none
307,Fettuccine,Cereal Grains and Pasta,none
308,Tagliatelle,Cereal Grains and Pasta,none
309,Pappardelle,Cereal Grains and Pasta,none
310,Capellini (angel hair),Cereal Grains and Pasta,none
311,Tortellini,Cereal Grains and Pasta,none
312,Ravioli,Cereal Grains and Pasta,none
313,Gnocchi,Cereal Grains and Pasta,none
314,Manicotti,Cereal Grains and Pasta,none
315,Cannelloni,Cereal Grains and Pasta,none
316,Rotini,Cereal Grains and Pasta,none
317,Cavatappi,Cereal Grains and Pasta,none
318,Ziti,Cereal Grains and Pasta,none
319,Shells,Cereal Grains and Pasta,none
320,Campanelle,Cereal Grains and Pasta,none
321,Orecchiette,Cereal Grains and Pasta,none
322,Ramen noodles,Cereal Grains and Pasta,none
323,Udon noodles,Cereal Grains and Pasta,none
324,Soba noodles,Cereal Grains and Pasta,none
325,Rice noodles,Cereal Grains and Pasta,none
326,Couscous,Cereal Grains and Pasta,none
327,Spelt,Cereal Grains and Pasta,none
328,Kamut,Cereal Grains and Pasta,none
329,Freekeh,Cereal Grains and Pasta,none
330,Bulgur,Cereal Grains and Pasta,none
331,Job's tears,Cereal Grains and Pasta,none
332,Amaranth,Cereal Grains and Pasta,none
333,Quinoa,Cereal Grains and Pasta,none
334,Farro,Cereal Grains and Pasta,none
335,Teff,Cereal Grains and Pasta,none
336,Millet,Cereal Grains and Pasta,none
337,Fonio,Cereal Grains and Pasta,none
338,Buckwheat,Cereal Grains and Pasta,none
339,Sorghum,Cereal Grains and Pasta,none
340,Rice noodles,Cereal Grains and Pasta,none
341,Corn pasta,Cereal Grains and Pasta,none
342,Quinoa pasta,Cereal Grains and Pasta,none
343,Brown rice pasta,Cereal Grains and Pasta,none
344,Lentil pasta,Cereal Grains and Pasta,none
345,Chickpea pasta,Cereal Grains and Pasta,none
346,Black bean pasta,Cereal Grains and Pasta,none
347,Sorghum pasta,Cereal Grains and Pasta,none
348,Buckwheat pasta,Cereal Grains and Pasta,none
349,Spaghetti squash (as a pasta substitute),Cereal Grains and Pasta,none
350,Einkorn,Cereal Grains and Pasta,none
351,Emmer,Cereal Grains and Pasta,none
352,Farro,Cereal Grains and Pasta,none
353,Kamut,Cereal Grains and Pasta,none
354,Spelt,Cereal Grains and Pasta,none
355,Instant noodles,Cereal Grains and Pasta,none
356,Instant rice,Cereal Grains and Pasta,none
357,Rice paper (for spring rolls),Cereal Grains and Pasta,none
358,Rice cakes,Cereal Grains and Pasta,none
359,Rice vermicelli,Cereal Grains and Pasta,none
360,Rice flour,Cereal Grains and Pasta,none
361,Bulgur wheat,Cereal Grains and Pasta,none
362,Polenta (cornmeal),Cereal Grains and Pasta,none
363,Semolina,Cereal Grains and Pasta,none
364,Pearl barley,Cereal Grains and Pasta,none
365,Steel-cut oats,Cereal Grains and Pasta,none
366,Rolled oats,Cereal Grains and Pasta,none
367,Popcorn kernels,Cereal Grains and Pasta,none
368,Couscous,Cereal Grains and Pasta,none
369,Corn grits,Cereal Grains and Pasta,none
370,Corn flour,Cereal Grains and Pasta,none
371,Wheat bran,Cereal Grains and Pasta,none
372,Chia seeds,Cereal Grains and Pasta,none
373,Flaxseeds,Cereal Grains and Pasta,none
374,Hemp seeds,Cereal Grains and Pasta,none
375,Sesame seeds,Cereal Grains and Pasta,none
376,Sunflower seeds,Cereal Grains and Pasta,none
377,Pumpkin seeds,Cereal Grains and Pasta,none
378,Poppy seeds,Cereal Grains and Pasta,none
379,Amaranth,Cereal Grains and Pasta,none
380,Spelt,Cereal Grains and Pasta,none
381,Kamut,Cereal Grains and Pasta,none
382,Quinoa,Cereal Grains and Pasta,none
383,Buckwheat,Cereal Grains and Pasta,none
384,Millet,Cereal Grains and Pasta,none
385,Sorghum,Cereal Grains and Pasta,none
386,Teff,Cereal Grains and Pasta,none
387,Fonio,Cereal Grains and Pasta,none
388,Bulgur,Cereal Grains and Pasta,none
389,Rye flour,Cereal Grains and Pasta,none
390,Barley,Cereal Grains and Pasta,none
391,Oats,Cereal Grains and Pasta,none
392,Cornmeal,Cereal Grains and Pasta,none
393,Polenta,Cereal Grains and Pasta,none
394,Wheat bran,Cereal Grains and Pasta,none
395,Wheat germ,Cereal Grains and Pasta,none
396,Farro,Cereal Grains and Pasta,none
397,Freekeh,Cereal Grains and Pasta,none
398,Job's tears,Cereal Grains and Pasta,none
399,Triticale,Cereal Grains and Pasta,none
400,Emmer,Cereal Grains and Pasta,none
401,Wild rice,Cereal Grains and Pasta,none
402,Couscous,Cereal Grains and Pasta,none
403,Rice flour,Cereal Grains and Pasta,none
404,Corn flour,Cereal Grains and Pasta,none
405,Chickpea flour,Cereal Grains and Pasta,none
406,Lentil flour,Cereal Grains and Pasta,none
407,Coconut flour,Cereal Grains and Pasta,none
408,Almond flour,Cereal Grains and Pasta,none
409,Hazelnut flour,Cereal Grains and Pasta,none
410,Chestnut flour,Cereal Grains and Pasta,none
411,Tigernut flour,Cereal Grains and Pasta,none
412,Green banana flour,Cereal Grains and Pasta,none
413,Arrowroot powder,Cereal Grains and Pasta,none
414,Cassava flour,Cereal Grains and Pasta,none
415,Potato starch,Cereal Grains and Pasta,none
416,Tapioca flour,Cereal Grains and Pasta,none
417,Soy flour,Cereal Grains and Pasta,none
418,Spelt flour,Cereal Grains and Pasta,none
419,Kamut flour,Cereal Grains and Pasta,none
420,Quinoa flour,Cereal Grains and Pasta,none
421,Buckwheat flour,Cereal Grains and Pasta,none
422,All-Purpose flour,Cereal Grains and Pasta,none
423,Unbleached flour,Cereal Grains and Pasta,none
424,Cheddar cheese,Dairy and Egg products,none
425,Mozzarella cheese,Dairy and Egg products,none
426,Swiss cheese,Dairy and Egg products,none
427,Parmesan cheese,Dairy and Egg products,none
428,Feta cheese,Dairy and Egg products,none
429,Blue cheese,Dairy and Egg products,none
430,Gouda cheese,Dairy and Egg products,none
431,Provolone cheese,Dairy and Egg products,none
432,Brie cheese,Dairy and Egg products,none
433,Camembert cheese,Dairy and Egg products,none
434,Ricotta cheese,Dairy and Egg products,none
435,Cottage cheese,Dairy and Egg products,none
436,Cream cheese,Dairy and Egg products,none
437,Goat cheese (chèvre),Dairy and Egg products,none
438,Gruyère cheese,Dairy and Egg products,none
439,Monterey Jack cheese,Dairy and Egg products,none
440,Colby cheese,Dairy and Egg products,none
441,Pepper jack cheese,Dairy and Egg products,none
442,Pecorino Romano cheese,Dairy and Egg products,none
443,Manchego cheese,Dairy and Egg products,none
444,Fontina cheese,Dairy and Egg products,none
445,Havarti cheese,Dairy and Egg products,none
446,Stilton cheese,Dairy and Egg products,none
447,Roquefort cheese,Dairy and Egg products,none
448,Emmental cheese,Dairy and Egg products,none
449,Cambozola cheese,Dairy and Egg products,none
450,Halloumi cheese,Dairy and Egg products,none
451,Gorgonzola cheese,Dairy and Egg products,none
452,Queso fresco,Dairy and Egg products,none
453,Queso blanco,Dairy and Egg products,none
454,Paneer cheese,Dairy and Egg products,none
455,Asiago cheese,Dairy and Egg products,none
456,Taleggio cheese,Dairy and Egg products,none
457,Burrata cheese,Dairy and Egg products,none
458,Muenster cheese,Dairy and Egg products,none
459,Limburger cheese,Dairy and Egg products,none
460,Havarti cheese,Dairy and Egg products,none
461,Monterey Jack cheese,Dairy and Egg products,none
462,Colby-Jack cheese,Dairy and Egg products,none
463,Pepper jack cheese,Dairy and Egg products,none
464,Gouda cheese,Dairy and Egg products,none
465,Gruyère cheese,Dairy and Egg products,none
466,Edam cheese,Dairy and Egg products,none
467,Jarlsberg cheese,Dairy and Egg products,none
468,Munster cheese,Dairy and Egg products,none
469,Fontina cheese,Dairy and Egg products,none
470,Raclette cheese,Dairy and Egg products,none
471,Stilton cheese,Dairy and Egg products,none
472,Roquefort cheese,Dairy and Egg products,none
473,Pecorino cheese,Dairy and Egg products,none
474,Whole milk,Dairy and Egg products,none
475,Skim milk,Dairy and Egg products,none
476,2% milk,Dairy and Egg products,none
477,Almond milk,Dairy and Egg products,none
478,Soy milk,Dairy and Egg products,none
479,Oat milk,Dairy and Egg products,none
480,Coconut milk,Dairy and Egg products,none
481,Rice milk,Dairy and Egg products,none
482,Cashew milk,Dairy and Egg products,none
483,Hazelnut milk,Dairy and Egg products,none
484,Eggs (chicken),Dairy and Egg products,none
485,Eggs (duck),Dairy and Egg products,none
486,Eggs (quail),Dairy and Egg products,none
487,Egg whites,Dairy and Egg products,none
488,Egg yolks,Dairy and Egg products,none
489,Egg substitute (liquid or powdered),Dairy and Egg products,none
490,Egg wash (beaten egg used for brushing),Dairy and Egg products,none
491,Mayonnaise (which often contains eggs),Dairy and Egg products,none
492,Custard,Dairy and Egg products,none
493,Hollandaise sauce,Dairy and Egg products,none
494,Meringue,Dairy and Egg products,none
495,Yogurt (plain),Dairy and Egg products,none
496,Cream,Dairy and Egg products,none
497,Sour cream,Dairy and Egg products,none
498,Cottage cheese,Dairy and Egg products,none
499,Cream cheese,Dairy and Egg products,none
500,Mascarpone cheese,Dairy and Egg products,none
501,Ricotta cheese,Dairy and Egg products,none
502,Ghee (clarified butter),Dairy and Egg products,none
503,Buttermilk,Dairy and Egg products,none
504,Evaporated milk,Dairy and Egg products,none
505,Condensed milk,Dairy and Egg products,none
506,Ice cream,Dairy and Egg products,none
507,Whipped cream,Dairy and Egg products,none
508,Greek yogurt,Dairy and Egg products,none
509,Carrots,Vegetables and Vegetable Products,none
510,Potatoes,Vegetables and Vegetable Products,none
511,Tomatoes,Vegetables and Vegetable Products,none
512,Onions,Vegetables and Vegetable Products,none
513,Garlic,Vegetables and Vegetable Products,none
514,Bell peppers,Vegetables and Vegetable Products,none
515,Broccoli,Vegetables and Vegetable Products,none
516,Cauliflower,Vegetables and Vegetable Products,none
517,Spinach,Vegetables and Vegetable Products,none
518,Kale,Vegetables and Vegetable Products,none
519,Cabbage,Vegetables and Vegetable Products,none
520,Brussels sprouts,Vegetables and Vegetable Products,none
521,Green beans,Vegetables and Vegetable Products,none
522,Peas,Vegetables and Vegetable Products,none
523,Corn,Vegetables and Vegetable Products,none
524,Asparagus,Vegetables and Vegetable Products,none
525,Zucchini,Vegetables and Vegetable Products,none
526,Eggplant,Vegetables and Vegetable Products,none
527,Mushrooms,Vegetables and Vegetable Products,none
528,Celery,Vegetables and Vegetable Products,none
529,Cucumbers,Vegetables and Vegetable Products,none
530,Radishes,Vegetables and Vegetable Products,none
531,Beets,Vegetables and Vegetable Products,none
532,Sweet potatoes,Vegetables and Vegetable Products,none
533,Butternut squash,Vegetables and Vegetable Products,none
534,Acorn squash,Vegetables and Vegetable Products,none
535,Pumpkin,Vegetables and Vegetable Products,none
536,Leeks,Vegetables and Vegetable Products,none
537,Spring onions,Vegetables and Vegetable Products,none
538,Artichokes,Vegetables and Vegetable Products,none
539,Avocado,Vegetables and Vegetable Products,none
540,Okra,Vegetables and Vegetable Products,none
541,Turnips,Vegetables and Vegetable Products,none
542,Rutabaga,Vegetables and Vegetable Products,none
543,Parsnips,Vegetables and Vegetable Products,none
544,Swiss chard,Vegetables and Vegetable Products,none
545,Bok choy,Vegetables and Vegetable Products,none
546,Watercress,Vegetables and Vegetable Products,none
547,Fennel,Vegetables and Vegetable Products,none
548,Ginger,Vegetables and Vegetable Products,none
549,Scallions,Vegetables and Vegetable Products,none
550,Shallots,Vegetables and Vegetable Products,none
551,Celeriac,Vegetables and Vegetable Products,none
552,Kohlrabi,Vegetables and Vegetable Products,none
553,Jicama,Vegetables and Vegetable Products,none
554,Radicchio,Vegetables and Vegetable Products,none
555,Endive,Vegetables and Vegetable Products,none
556,Daikon radish,Vegetables and Vegetable Products,none
557,Bamboo shoots,Vegetables and Vegetable Products,none
558,Snow peas,Vegetables and Vegetable Products,none
559,Sugar snap peas,Vegetables and Vegetable Products,none
560,Taro root,Vegetables and Vegetable Products,none
561,Jerusalem artichoke,Vegetables and Vegetable Products,none
562,Lotus root,Vegetables and Vegetable Products,none
563,Water chestnuts,Vegetables and Vegetable Products,none
564,Hearts of palm,Vegetables and Vegetable Products,none
565,Sun-dried tomatoes,Vegetables and Vegetable Products,none
566,Pickles,Vegetables and Vegetable Products,none
567,Sauerkraut,Vegetables and Vegetable Products,none
568,Kimchi,Vegetables and Vegetable Products,none
569,Tomatillos,Vegetables and Vegetable Products,none
570,Plantains,Vegetables and Vegetable Products,none
571,Canned tomatoes,Vegetables and Vegetable Products,none
572,Tomato paste,Vegetables and Vegetable Products,none
573,Tomato sauce,Vegetables and Vegetable Products,none
574,Salsa,Vegetables and Vegetable Products,none
575,Dried mushrooms,Vegetables and Vegetable Products,none
576,Dried seaweed (such as nori or kombu),Vegetables and Vegetable Products,none
577,Canned corn,Vegetables and Vegetable Products,none
578,Frozen mixed vegetables,Vegetables and Vegetable Products,none
579,Vegetable stock or broth,Vegetables and Vegetable Products,none
580,Vegetable bouillon cubes,Vegetables and Vegetable Products,none
581,Vegetable juice,Vegetables and Vegetable Products,none
582,Vegetable oil,Vegetables and Vegetable Products,none
583,Vegetable-based spreads or margarine,Vegetables and Vegetable Products,none
584,Vegetable chips (such as kale chips or beet chips),Vegetables and Vegetable Products,none
585,Vegetable dumplings,Vegetables and Vegetable Products,none
586,Vegetable patties,Vegetables and Vegetable Products,none
587,Vegetable-based burgers (such as black bean burgers or veggie burgers),Vegetables and Vegetable Products,none
588,Vegetable noodles (such as zucchini noodles or sweet potato noodles),Vegetables and Vegetable Products,none
589,Vegetable curry paste,Vegetables and Vegetable Products,none
590,Apple (variety: Granny Smith),Fruits and Fruit Products,none
591,Apple (variety: Fuji),Fruits and Fruit Products,none
592,Apple (variety: Gala),Fruits and Fruit Products,none
593,Apple (variety: Pink Lady),Fruits and Fruit Products,none
594,Apple (variety: Honeycrisp),Fruits and Fruit Products,none
595,Banana,Fruits and Fruit Products,none
596,Blueberries,Fruits and Fruit Products,none
597,Raspberries,Fruits and Fruit Products,none
598,Strawberries,Fruits and Fruit Products,none
599,Blackberries,Fruits and Fruit Products,none
600,Cranberries,Fruits and Fruit Products,none
601,Lemons,Fruits and Fruit Products,none
602,Limes,Fruits and Fruit Products,none
603,Oranges (variety: Valencia),Fruits and Fruit Products,none
604,Oranges (variety: Navel),Fruits and Fruit Products,none
605,Oranges (variety: Blood orange),Fruits and Fruit Products,none
606,Pineapple,Fruits and Fruit Products,none
607,Mangoes,Fruits and Fruit Products,none
608,Kiwis,Fruits and Fruit Products,none
609,Peaches,Fruits and Fruit Products,none
610,Plums,Fruits and Fruit Products,none
611,Pears (variety: Bosc),Fruits and Fruit Products,none
612,Pears (variety: Bartlett),Fruits and Fruit Products,none
613,Grapes (variety: Red seedless),Fruits and Fruit Products,none
614,Grapes (variety: Green seedless),Fruits and Fruit Products,none
615,Watermelon,Fruits and Fruit Products,none
616,Cantaloupe,Fruits and Fruit Products,none
617,Honeydew melon,Fruits and Fruit Products,none
618,Cherries (variety: Bing),Fruits and Fruit Products,none
619,Cherries (variety: Rainier),Fruits and Fruit Products,none
620,Grapefruits (variety: Ruby Red),Fruits and Fruit Products,none
621,Grapefruits (variety: White),Fruits and Fruit Products,none
622,Papaya,Fruits and Fruit Products,none
623,Coconut,Fruits and Fruit Products,none
624,Passion fruit,Fruits and Fruit Products,none
625,Pomegranate,Fruits and Fruit Products,none
626,Apricots,Fruits and Fruit Products,none
627,Nectarines,Fruits and Fruit Products,none
628,Figs,Fruits and Fruit Products,none
629,Dates,Fruits and Fruit Products,none
630,Avocado (variety: Hass),Fruits and Fruit Products,none
631,Guava,Fruits and Fruit Products,none
632,Lychee,Fruits and Fruit Products,none
633,Kumquat,Fruits and Fruit Products,none
634,Persimmon,Fruits and Fruit Products,none
635,Tangerines,Fruits and Fruit Products,none
636,Currants (variety: Red),Fruits and Fruit Products,none
637,Currants (variety: Black),Fruits and Fruit Products,none
638,Gooseberries,Fruits and Fruit Products,none
639,Elderberries,Fruits and Fruit Products,none
640,Mulberries,Fruits and Fruit Products,none
641,Boysenberries,Fruits and Fruit Products,none
642,Star fruit,Fruits and Fruit Products,none
643,Pawpaw,Fruits and Fruit Products,none
644,Quince,Fruits and Fruit Products,none
645,Dragon fruit,Fruits and Fruit Products,none
646,Plantains,Fruits and Fruit Products,none
647,Prickly pear,Fruits and Fruit Products,none
648,Jackfruit,Fruits and Fruit Products,none
649,Rhubarb,Fruits and Fruit Products,none
650,Strawberry jam,Fruits and Fruit Products,none
651,Raspberry jam,Fruits and Fruit Products,none
652,Blueberry jam,Fruits and Fruit Products,none
653,Blackberry jam,Fruits and Fruit Products,none
654,Cranberry sauce,Fruits and Fruit Products,none
655,Apple sauce,Fruits and Fruit Products,none
656,Pineapple chunks (canned),Fruits and Fruit Products,none
657,Mango puree,Fruits and Fruit Products,none
658,Peach slices (canned),Fruits and Fruit Products,none
659,Pear halves (canned),Fruits and Fruit Products,none
660,Grapefruit segments (canned),Fruits and Fruit Products,none
661,Fruit cocktail (canned),Fruits and Fruit Products,none
662,Apricot preserves,Fruits and Fruit Products,none
663,Cherry pie filling,Fruits and Fruit Products,none
664,Apple butter,Fruits and Fruit Products,none
665,Lemon curd,Fruits and Fruit Products,none
666,Lime juice (bottled),Fruits and Fruit Products,none
667,Orange marmalade,Fruits and Fruit Products,none
668,Pomegranate molasses,Fruits and Fruit Products,none
669,Dried apricots,Fruits and Fruit Products,none
670,Dried cranberries,Fruits and Fruit Products,none
671,Dried figs,Fruits and Fruit Products,none
672,Dried dates,Fruits and Fruit Products,none
673,Dried mangoes,Fruits and Fruit Products,none
674,Dried bananas,Fruits and Fruit Products,none
675,Dried pineapple,Fruits and Fruit Products,none
676,Dried apples,Fruits and Fruit Products,none
677,Dried cherries,Fruits and Fruit Products,none
678,All-purpose flour,Baking Products,none
679,Cake flour,Baking Products,none
680,Bread flour,Baking Products,none
681,Pastry flour,Baking Products,none
682,Self-rising flour,Baking Products,none
683,Whole wheat flour,Baking Products,none
684,Cornmeal,Baking Products,none
685,Cornstarch,Baking Products,none
686,Baking powder,Baking Products,none
687,Baking soda,Baking Products,none
688,Yeast,Baking Products,none
689,Active dry yeast,Baking Products,none
690,Instant yeast,Baking Products,none
691,Brown sugar,Baking Products,none
692,White granulated sugar,Baking Products,none
693,Powdered sugar,Baking Products,none
694,Corn syrup,Baking Products,none
695,Molasses,Baking Products,none
696,Honey,Baking Products,none
697,Maple syrup,Baking Products,none
698,Vanilla extract,Baking Products,none
699,Almond extract,Baking Products,none
700,Lemon extract,Baking Products,none
701,Orange extract,Baking Products,none
702,Chocolate chips,Baking Products,none
703,Cocoa powder,Baking Products,none
704,Unsweetened chocolate,Baking Products,none
705,Semi-sweet chocolate,Baking Products,none
706,Bittersweet chocolate,Baking Products,none
707,White chocolate,Baking Products,none
708,Milk chocolate,Baking Products,none
709,Nuts,Baking Products,none
710,Dried fruits,Baking Products,none
711,Candied fruits,Baking Products,none
712,Sprinkles,Baking Products,none
713,Food coloring,Baking Products,none
714,Edible glitter,Baking Products,none
715,Cream of tartar,Baking Products,none
716,Shortening,Baking Products,none
717,Butter,Baking Products,none
718,Margarine,Baking Products,none
719,Vegetable oil,Baking Products,none
720,Canola oil,Baking Products,none
721,Olive oil,Baking Products,none
722,Coconut oil,Baking Products,none
723,Lard,Baking Products,none
724,Eggs,Baking Products,none
725,Buttermilk,Baking Products,none
726,Sour cream,Baking Products,none
727,Cream cheese,Baking Products,none
728,Yogurt,Baking Products,none
729,Heavy cream,Baking Products,none
730,Whipped cream,Baking Products,none
731,Evaporated milk,Baking Products,none
732,Condensed milk,Baking Products,none
733,Milk,Baking Products,none
734,Non-dairy milk alternatives (e.g. almond milk,Baking Products,none
735,Lemon juice,Baking Products,none
736,Lime juice,Baking Products,none
737,Orange juice,Baking Products,none
738,Grapefruit juice,Baking Products,none
739,Apple cider vinegar,Baking Products,none
740,White vinegar,Baking Products,none
741,Red wine vinegar,Baking Products,none
742,Balsamic vinegar,Baking Products,none
743,Yeast nutrient,Baking Products,none
744,Dough improver,Baking Products,none
745,Bread enhancer,Baking Products,none
746,Malt powder,Baking Products,none
747,Wheat gluten,Baking Products,none
748,Lecithin,Baking Products,none
749,Emulsifiers,Baking Products,none
750,Stabilizers,Baking Products,none
751,Gums (e.g. xanthan gum),Baking Products,none
752,Pectin,Baking Products,none
753,Gelatin,Baking Products,none
754,Cream of coconut,Baking Products,none
755,Pie crust mix,Baking Products,none
756,Puff pastry,Baking Products,none
757,Filo dough,Baking Products,none
758,Pizza dough,Baking Products,none
759,Pizza sauce,Baking Products,none
760,Pie filling,Baking Products,none
761,Fruit preserves,Baking Products,none
762,Fruit pie glaze,Baking Products,none
763,Canned pumpkin,Baking Products,none
764,Sweetened condensed milk,Baking Products,none
765,Graham cracker crumbs,Baking Products,none
766,Oreo cookie crumbs,Baking Products,none
767,Vanilla wafers,Baking Products,none
768,Nilla wafer crumbs,Baking Products,none
769,Rolled oats,Baking Products,none
770,Crumbled cookies,Baking Products,none
771,Graham cracker pie crust,Baking Products,none
772,Oreo cookie pie crust,Baking Products,none
773,Chocolate cookie pie crust,Baking Products,none
774,Almonds (whole),Nut and Seed Products,none
775,Almond flour,Nut and Seed Products,none
776,Almond butter,Nut and Seed Products,none
777,Cashews (whole),Nut and Seed Products,none
778,Cashew butter,Nut and Seed Products,none
779,Walnuts (halves or chopped),Nut and Seed Products,none
780,Pecans (halves or chopped),Nut and Seed Products,none
781,Hazelnuts (whole),Nut and Seed Products,none
782,Hazelnut butter,Nut and Seed Products,none
783,Macadamia nuts (whole or chopped),Nut and Seed Products,none
784,Pistachios (whole or chopped),Nut and Seed Products,none
785,Pine nuts,Nut and Seed Products,none
786,White sesame seeds,Nut and Seed Products,none
787,Black sesame seeds,Nut and Seed Products,none
788,Tahini (sesame seed paste),Nut and Seed Products,none
789,Flaxseeds,Nut and Seed Products,none
790,Chia seeds,Nut and Seed Products,none
791,Pumpkin seeds,Nut and Seed Products,none
792,Sunflower seeds,Nut and Seed Products,none
793,Hemp seeds,Nut and Seed Products,none
794,Poppy seeds,Nut and Seed Products,none
795,Mixed nuts,Nut and Seed Products,none
796,Mixed seeds,Nut and Seed Products,none
797,Creamy almond butter,Nut and Seed Products,none
798,Crunchy almond butter,Nut and Seed Products,none
799,Smooth cashew butter,Nut and Seed Products,none
800,Crunchy cashew butter,Nut and Seed Products,none
801,Hazelnut chocolate spread,Nut and Seed Products,none
802,Macadamia nut butter,Nut and Seed Products,none
803,Pistachio paste,Nut and Seed Products,none
804,Pine nut butter,Nut and Seed Products,none
805,Sunflower seed butter,Nut and Seed Products,none
806,Pumpkin seed butter,Nut and Seed Products,none
807,Toasted sesame seed butter,Nut and Seed Products,none
808,Ground flaxseeds,Nut and Seed Products,none
809,Chia seed meal,Nut and Seed Products,none
810,Roasted pumpkin seeds,Nut and Seed Products,none
811,Sunflower seed meal,Nut and Seed Products,none
812,Hemp seed hearts,Nut and Seed Products,none
813,Poppy seed filling,Nut and Seed Products,none
814,Almond praline paste,Nut and Seed Products,none
815,Hazelnut praline paste,Nut and Seed Products,none
816,Pistachio paste (for flavoring),Nut and Seed Products,none
817,Sesame seed brittle,Nut and Seed Products,none
818,Peanuts (whole),Nut and Seed Products,none
819,Peanut butter (creamy),Nut and Seed Products,none
820,Peanut butter (crunchy),Nut and Seed Products,none
821,Peanut oil,Nut and Seed Products,none
822,Peanut flour,Nut and Seed Products,none
823,Peanut meal,Nut and Seed Products,none
824,Peanut sauce,Nut and Seed Products,none
825,Peanut brittle,Nut and Seed Products,none
826,Peanut clusters,Nut and Seed Products,none
827,Peanut cookies,Nut and Seed Products,none
828,Peanut crumble topping,Nut and Seed Products,none
829,Peanut granola bars,Nut and Seed Products,none
830,Peanut noodles,Nut and Seed Products,none
831,Peanut soup,Nut and Seed Products,none
832,Peanut stir-fry sauce,Nut and Seed Products,none
833,Peanut marinade,Nut and Seed Products,none
834,Peanut butter frosting,Nut and Seed Products,none
835,Peanut butter cookies,Nut and Seed Products,none
836,Peanut butter cups,Nut and Seed Products,none
837,Peanut butter fudge,Nut and Seed Products,none
838,Peanut butter brownies,Nut and Seed Products,none
839,Peanut butter blondies,Nut and Seed Products,none
840,Peanut butter pies,Nut and Seed Products,none
841,Peanut butter ice cream,Nut and Seed Products,none
842,Peanut butter bread,Nut and Seed Products,none
843,Peanut butter pancakes,Nut and Seed Products,none
844,Peanut butter granola,Nut and Seed Products,none
845,Peanut butter energy balls,Nut and Seed Products,none
846,Peanut butter truffles,Nut and Seed Products,none
847,Peanut brittle ice cream topping,Nut and Seed Products,none
848,Butter (salted),Fats and Oils,none
849,Butter (unsalted),Fats and Oils,none
850,Clarified butter (ghee),Fats and Oils,none
851,Margarine,Fats and Oils,none
852,Vegetable oil,Fats and Oils,none
853,Canola oil,Fats and Oils,none
854,Olive oil,Fats and Oils,none
855,Coconut oil,Fats and Oils,none
856,Avocado oil,Fats and Oils,none
857,Grapeseed oil,Fats and Oils,none
858,Sunflower oil,Fats and Oils,none
859,Safflower oil,Fats and Oils,none
860,Corn oil,Fats and Oils,none
861,Peanut oil,Fats and Oils,none
862,Sesame oil (toasted or untoasted),Fats and Oils,none
863,Walnut oil,Fats and Oils,none
864,Flaxseed oil,Fats and Oils,none
865,Almond oil,Fats and Oils,none
866,Hazelnut oil,Fats and Oils,none
867,Pistachio oil,Fats and Oils,none
868,Macadamia nut oil,Fats and Oils,none
869,Shortening,Fats and Oils,none
870,Lard,Fats and Oils,none
871,Bacon fat,Fats and Oils,none
872,Duck fat,Fats and Oils,none
873,Beef tallow,Fats and Oils,none
874,Chicken fat (schmaltz),Fats and Oils,none
875,Vegetable shortening,Fats and Oils,none
876,Palm oil,Fats and Oils,none
877,Soybean oil,Fats and Oils,none
878,Rice bran oil,Fats and Oils,none
879,Emu oil,Fats and Oils,none
880,Grapeseed oil blend,Fats and Oils,none
881,Butter flavored oil,Fats and Oils,none
882,Melted coconut oil,Fats and Oils,none
883,Melted cocoa butter,Fats and Oils,none
884,Melted shea butter,Fats and Oils,none
885,Melted avocado butter,Fats and Oils,none
886,Walnut butter,Fats and Oils,none
887,Almond butter,Fats and Oils,none
888,Cashew butter,Fats and Oils,none
889,Macadamia nut butter,Fats and Oils,none
890,Hazelnut butter,Fats and Oils,none
891,Pistachio butter,Fats and Oils,none
892,Pecan butter,Fats and Oils,none
893,Brazil nut butter,Fats and Oils,none
894,Sesame seed butter (tahini),Fats and Oils,none
895,Sunflower seed butter,Fats and Oils,none
896,Pumpkin seed butter,Fats and Oils,none
897,Walnut butter,Fats and Oils,none
898,Peanut butter,Fats and Oils,none
899,Corn Flakes,Breakfast Cereals,none
900,Rice Krispies,Breakfast Cereals,none
901,Wheaties,Breakfast Cereals,none
902,Cheerios,Breakfast Cereals,none
903,Special K,Breakfast Cereals,none
904,Frosted Flakes,Breakfast Cereals,none
905,Froot Loops,Breakfast Cereals,none
906,Cocoa Puffs,Breakfast Cereals,none
907,Honey Nut Cheerios,Breakfast Cereals,none
908,Cinnamon Toast Crunch,Breakfast Cereals,none
909,Lucky Charms,Breakfast Cereals,none
910,Cap'n Crunch,Breakfast Cereals,none
911,Raisin Bran,Breakfast Cereals,none
912,Mini Wheats,Breakfast Cereals,none
913,Granola,Breakfast Cereals,none
914,Muesli,Breakfast Cereals,none
915,Bran Flakes,Breakfast Cereals,none
916,Shredded Wheat,Breakfast Cereals,none
917,Corn Pops,Breakfast Cereals,none
918,Honey Bunches of Oats,Breakfast Cereals,none
919,Apple Jacks,Breakfast Cereals,none
920,Trix,Breakfast Cereals,none
921,Kix,Breakfast Cereals,none
922,Puffed Rice,Breakfast Cereals,none
923,Puffed Wheat,Breakfast Cereals,none
924,Rice Chex,Breakfast Cereals,none
925,Honeycomb,Breakfast Cereals,none
926,Cinnamon Life,Breakfast Cereals,none
927,Reese's Puffs,Breakfast Cereals,none
928,Oatmeal Squares,Breakfast Cereals,none
929,Grape-Nuts,Breakfast Cereals,none
930,Cookie Crisp,Breakfast Cereals,none
931,Golden Grahams,Breakfast Cereals,none
932,Corn Bran,Breakfast Cereals,none
933,Oat Bran,Breakfast Cereals,none
934,Shreddies,Breakfast Cereals,none
935,Honey Smacks,Breakfast Cereals,none
936,Multi Grain Cheerios,Breakfast Cereals,none
937,Raisin Nut Bran,Breakfast Cereals,none
938,Rice Bran,Breakfast Cereals,none
939,Fiber One,Breakfast Cereals,none
940,All-Bran,Breakfast Cereals,none
941,Wheat Chex,Breakfast Cereals,none
942,Corn Chex,Breakfast Cereals,none
943,Alpha-Bits,Breakfast Cereals,none
944,Count Chocula,Breakfast Cereals,none
945,Shredded Oats,Breakfast Cereals,none
946,Just Right,Breakfast Cereals,none
947,Berry Burst Cheerios,Breakfast Cereals,none
948,Fruity Pebbles,Breakfast Cereals,none
949,Water,Beverages,none
950,Coconut milk,Beverages,none
951,Almond milk,Beverages,none
952,Cashew milk,Beverages,none
953,Soy milk,Beverages,none
954,Rice milk,Beverages,none
955,Oat milk,Beverages,none
956,Buttermilk,Beverages,none
957,Coffee (brewed),Beverages,none
958,Espresso,Beverages,none
959,Tea (brewed),Beverages,none
960,Tomato juice,Beverages,none
961,Carrot juice,Beverages,none
962,Lemonade,Beverages,none
963,Limeade,Beverages,none
964,Sparkling water,Beverages,none
965,Club soda,Beverages,none
966,Tonic water,Beverages,none
967,Ginger ale,Beverages,none
968,Cola,Beverages,none
969,Lemon-lime soda,Beverages,none
970,Orange juice,Beverages,none
971,Apple juice,Beverages,none
972,Lemon juice,Beverages,none
973,Lime juice,Beverages,none
974,Grapefruit juice,Beverages,none
975,Pineapple juice,Beverages,none
976,Cranberry juice,Beverages,none
977,Pomegranate juice,Beverages,none
978,Cherry juice,Beverages,none
979,Peach juice,Beverages,none
980,Mango juice,Beverages,none
981,Pear juice,Beverages,none
982,Raspberry juice,Beverages,none
983,Blueberry juice,Beverages,none
984,Blackberry juice,Beverages,none
985,Strawberry juice,Beverages,none
986,Watermelon juice,Beverages,none
987,Kiwi juice,Beverages,none
988,Passion fruit juice,Beverages,none
989,Guava juice,Beverages,none
990,Papaya juice,Beverages,none
991,Apricot juice,Beverages,none
992,Plum juice,Beverages,none
993,Grape juice,Beverages,none
994,Prune juice,Beverages,none
995,Coconut water,Beverages,none
996,Cabernet Sauvignon (wine),Beverages ,none
997,Merlot (wine),Beverages ,none
998,Pinot Noir (wine),Beverages ,none
999,Syrah/Shiraz (wine),Beverages ,none
1000,Zinfandel (wine),Beverages ,none
1001,Malbec (wine),Beverages ,none
1002,Sangiovese (wine),Beverages ,none
1003,Tempranillo (wine),Beverages ,none
1004,Nebbiolo (wine),Beverages ,none
1005,Barbera (wine),Beverages ,none
1006,Port (wine),Beverages ,none
1007,Madeira (wine),Beverages ,none
1008,Lambrusco (wine),Beverages ,none
1009,Banyuls (wine),Beverages ,none
1010,Ruby Red Port (wine),Beverages ,none
1011,Tawny Port (wine),Beverages ,none
1012,Marsala (sweet or semi-sweet variety) (wine),Beverages ,none
1013,Recioto della Valpolicella (wine),Beverages ,none
1014,Brachetto d'Acqui (wine),Beverages ,none
1015,Black Muscat (wine),Beverages ,none
1016,Chardonnay (wine),Beverages ,none
1017,Sauvignon Blanc (wine),Beverages ,none
1018,Riesling (dry or semi-sweet) (wine),Beverages ,none
1019,Pinot Grigio/Pinot Gris (wine),Beverages ,none
1020,Gewürztraminer (wine),Beverages ,none
1021,Chenin Blanc (wine),Beverages ,none
1022,Viognier (wine),Beverages ,none
1023,Muscat/Moscato (wine),Beverages ,none
1024,Grüner Veltliner (wine),Beverages ,none
1025,Vermentino (wine),Beverages ,none
1026,Lentils (any),Legumes and Legume Products,none
1027,Green lentils,Legumes and Legume Products,none
1028,Red lentils,Legumes and Legume Products,none
1029,Brown lentils,Legumes and Legume Products,none
1030,Black lentils,Legumes and Legume Products,none
1031,French lentils,Legumes and Legume Products,none
1032,Chickpeas (garbanzo beans),Legumes and Legume Products,none
1033,Kidney beans,Legumes and Legume Products,none
1034,Black beans,Legumes and Legume Products,none
1035,Cannellini beans,Legumes and Legume Products,none
1036,Pinto beans,Legumes and Legume Products,none
1037,Navy beans,Legumes and Legume Products,none
1038,Lima beans,Legumes and Legume Products,none
1039,Split peas (green or yellow),Legumes and Legume Products,none
1040,Black-eyed peas,Legumes and Legume Products,none
1041,Soybeans,Legumes and Legume Products,none
1042,Mung beans,Legumes and Legume Products,none
1043,Adzuki beans,Legumes and Legume Products,none
1044,Fava beans,Legumes and Legume Products,none
1045,Butter beans,Legumes and Legume Products,none
1046,Edamame (immature soybeans),Legumes and Legume Products,none
1047,Peanuts,Legumes and Legume Products,none
1048,Pea protein powder,Legumes and Legume Products,none
1049,Lentil flour,Legumes and Legume Products,none
1050,Chickpea flour (gram flour),Legumes and Legume Products,none
1051,Split pea flour,Legumes and Legume Products,none
1052,Bean sprouts,Legumes and Legume Products,none
1053,Hummus,Legumes and Legume Products,none
1054,Falafel,Legumes and Legume Products,none
1055,Refried beans,Legumes and Legume Products,none
1056,Bean paste,Legumes and Legume Products,none
1057,Bean curd (tofu),Legumes and Legume Products,none
1058,Tempeh,Legumes and Legume Products,none
1059,Miso,Legumes and Legume Products,none
1060,Soy milk,Legumes and Legume Products,none
1061,Soy sauce,Legumes and Legume Products,none
1062,Soybean oil,Legumes and Legume Products,none
1063,Lupini beans,Legumes and Legume Products,none
1064,Winged beans,Legumes and Legume Products,none
1065,Horse gram,Legumes and Legume Products,none
1066,Bambara beans,Legumes and Legume Products,none
1067,Lablab beans,Legumes and Legume Products,none
1068,Hyacinth beans,Legumes and Legume Products,none
1069,Moth beans,Legumes and Legume Products,none
1070,Scarlet runner beans,Legumes and Legume Products,none
1071,Yardlong beans,Legumes and Legume Products,none
1072,Velvet beans,Legumes and Legume Products,none
1073,Lentil soup,Legumes and Legume Products,none
1074,Bean chili,Legumes and Legume Products,none
1075,Chickpea curry,Legumes and Legume Products,none
1076,Black bean burgers,Legumes and Legume Products,none
1077,Lentil salad,Legumes and Legume Products,none
1078,Hummus wraps,Legumes and Legume Products,none
1079,Potato chips,Snacks,none
1080,Pretzels,Snacks,none
1081,Tortilla chips,Snacks,none
1082,Popcorn,Snacks,none
1083,Crackers,Snacks,none
1084,Cheese puffs,Snacks,none
1085,Rice cakes,Snacks,none
1086,Veggie straws,Snacks,none
1087,Trail mix,Snacks,none
1088,Dried fruit (any),Snacks,none
1089,Dried raisins,Snacks,none
1090,Dried apricots,Snacks,none
1091,Dried cranberries,Snacks,none
1092,Granola bars,Snacks,none
1093,Energy bars,Snacks,none
1094,Cookies,Snacks,none
1095,Brownies,Snacks,none
1096,Muffins,Snacks,none
1097,Cupcakes,Snacks,none
1098,Donuts,Snacks,none
1099,Cakes,Snacks,none
1100,Pie crusts,Snacks,none
1101,Pita bread,Snacks,none
1102,Bagels,Snacks,none
1103,Croissants,Snacks,none
1104,Breadsticks,Snacks,none
1105,Pretzel sticks,Snacks,none
1106,Rice crackers,Snacks,none
1107,Vegetable chips,Snacks,none
1108,Fruit leather,Snacks,none
1109,Graham crackers,Snacks,none
1110,Cereal bars,Snacks,none